{
  "AF": "Afghanistan",
  "EG": "Ägypten",
  "AX": "Åland",
  "AL": "Albanien",
  "DZ": "Algerien",
  "AS": "Amerikanisch-Samoa",
  "VI": "Amerikanische Jungferninseln",
  "AD": "Andorra",
  "AO": "Angola",
  "AI": "Anguilla",
  "AQ": "Antarktis (Sonderstatus durch Antarktisvertrag)",
  "AG": "Antigua und Barbuda",
  "GQ": "Äquatorialguinea",
  "AR": "Argentinien",
  "AM": "Armenien",
  "AW": "Aruba",
  "AZ": "Aserbaidschan",
  "ET": "Äthiopien",
  "AU": "Australien",
  "BS": "Bahamas",
  "BH": "Bahrain",
  "BD": "Bangladesch",
  "BB": "Barbados",
  "BY": "Belarus",
  "BE": "Belgien",
  "BZ": "Belize",
  "BJ": "Benin",
  "BM": "Bermuda",
  "BT": "Bhutan",
  "BO": "Bolivien",
  "BQ": "Bonaire, Saba, Sint Eustatius",
  "BA": "Bosnien und Herzegowina",
  "BW": "Botswana",
  "BV": "Bouvetinsel",
  "BR": "Brasilien",
  "VG": "Britische Jungferninseln",
  "IO": "Britisches Territorium im Indischen Ozean",
  "BN": "Brunei",
  "BG": "Bulgarien",
  "BF": "Burkina Faso",
  "BI": "Burundi",
  "CL": "Chile",
  "CN": "China, Volksrepublik",
  "CK": "Cookinseln",
  "CR": "Costa Rica",
  "CW": "Curaçao",
  "DK": "Dänemark",
  "DE": "Deutschland",
  "DM": "Dominica",
  "DO": "Dominikanische Republik",
  "DJ": "Dschibuti",
  "EC": "Ecuador",
  "CI": "Elfenbeinküste",
  "SV": "El Salvador",
  "ER": "Eritrea",
  "EE": "Estland",
  "SZ": "Eswatini",
  "EU": "Europa",
  "FK": "Falklandinseln",
  "FO": "Färöer",
  "FJ": "Fidschi",
  "FI": "Finnland",
  "FR": "Frankreich",
  "GF": "Französisch-Guayana",
  "PF": "Französisch-Polynesien",
  "TF": "Französische Süd- und Antarktisgebiete",
  "GA": "Gabun",
  "GM": "Gambia",
  "GE": "Georgien",
  "GH": "Ghana",
  "GI": "Gibraltar",
  "GD": "Grenada",
  "GR": "Griechenland",
  "GL": "Grönland",
  "GP": "Guadeloupe",
  "GU": "Guam",
  "GT": "Guatemala",
  "GG": "Guernsey (Kanalinsel)",
  "GN": "Guinea",
  "GW": "Guinea-Bissau",
  "GY": "Guyana",
  "HT": "Haiti",
  "HM": "Heard und McDonaldinseln",
  "HN": "Honduras",
  "HK": "Hongkong",
  "IN": "Indien",
  "ID": "Indonesien",
  "IM": "Insel Man",
  "IQ": "Irak",
  "IR": "Iran",
  "IE": "Irland",
  "IS": "Island",
  "IL": "Israel",
  "IT": "Italien",
  "JM": "Jamaika",
  "JP": "Japan",
  "YE": "Jemen",
  "JE": "Jersey (Kanalinsel)",
  "JO": "Jordanien",
  "KY": "Kaimaninseln",
  "KH": "Kambodscha",
  "CM": "Kamerun",
  "CA": "Kanada",
  "CV": "Kap Verde",
  "KZ": "Kasachstan",
  "QA": "Katar",
  "KE": "Kenia",
  "KG": "Kirgisistan",
  "KI": "Kiribati",
  "CC": "Kokosinseln",
  "CO": "Kolumbien",
  "KM": "Komoren",
  "CD": "Kongo, Demokratische Republik",
  "CG": "Kongo, Republik",
  "KP": "Korea, Nord (Nordkorea)",
  "KR": "Korea, Süd (Südkorea)",
  "XK": "Kosovo",
  "HR": "Kroatien",
  "CU": "Kuba",
  "KW": "Kuwait",
  "LA": "Laos",
  "LS": "Lesotho",
  "LV": "Lettland",
  "LB": "Libanon",
  "LR": "Liberia",
  "LY": "Libyen",
  "LI": "Liechtenstein",
  "LT": "Litauen",
  "LU": "Luxemburg",
  "MO": "Macau",
  "MG": "Madagaskar",
  "MW": "Malawi",
  "MY": "Malaysia",
  "MV": "Malediven",
  "ML": "Mali",
  "MT": "Malta",
  "MA": "Marokko",
  "MH": "Marshallinseln",
  "MQ": "Martinique",
  "MR": "Mauretanien",
  "MU": "Mauritius",
  "YT": "Mayotte",
  "MX": "Mexiko",
  "FM": "Mikronesien",
  "MD": "Moldau",
  "MC": "Monaco",
  "MN": "Mongolei",
  "ME": "Montenegro",
  "MS": "Montserrat",
  "MZ": "Mosambik",
  "MM": "Myanmar",
  "NA": "Namibia",
  "NR": "Nauru",
  "NP": "Nepal",
  "NC": "Neukaledonien",
  "NZ": "Neuseeland",
  "NI": "Nicaragua",
  "NL": "Niederlande",
  "NE": "Niger",
  "NG": "Nigeria",
  "NU": "Niue",
  "MP": "Nördliche Marianen",
  "MK": "Nordmazedonien",
  "NF": "Norfolkinsel",
  "NO": "Norwegen",
  "OM": "Oman",
  "AT": "Österreich",
  "TL": "Osttimor",
  "PK": "Pakistan",
  "PS": "Palästina",
  "PW": "Palau",
  "PA": "Panama",
  "PG": "Papua-Neuguinea",
  "PY": "Paraguay",
  "PE": "Peru",
  "PH": "Philippinen",
  "PN": "Pitcairninseln",
  "PL": "Polen",
  "PT": "Portugal",
  "PR": "Puerto Rico",
  "RE": "Réunion",
  "RW": "Ruanda",
  "RO": "Rumänien",
  "RU": "Russland",
  "SB": "Salomonen",
  "BL": "Saint-Barthélemy",
  "MF": "Saint-Martin (französischer Teil)",
  "ZM": "Sambia",
  "WS": "Samoa",
  "SM": "San Marino",
  "ST": "São Tomé und Príncipe",
  "SA": "Saudi-Arabien",
  "SE": "Schweden",
  "CH": "Schweiz",
  "SN": "Senegal",
  "RS": "Serbien",
  "SC": "Seychellen",
  "SL": "Sierra Leone",
  "ZW": "Simbabwe",
  "SG": "Singapur",
  "SX": "Sint Maarten",
  "SK": "Slowakei",
  "SI": "Slowenien",
  "SO": "Somalia",
  "ES": "Spanien",
  "LK": "Sri Lanka",
  "SH": "St. Helena, Ascension und Tristan da Cunha",
  "KN": "St. Kitts und Nevis",
  "LC": "St. Lucia",
  "PM": "Saint-Pierre und Miquelon",
  "VC": "St. Vincent und die Grenadinen",
  "ZA": "Südafrika",
  "SD": "Sudan",
  "GS": "Südgeorgien und die Südlichen Sandwichinseln",
  "SS": "Südsudan",
  "SR": "Suriname",
  "SJ": "Spitzbergen und Jan Mayen",
  "SY": "Syrien",
  "TJ": "Tadschikistan",
  "TW": "China, Republik",
  "TZ": "Tansania",
  "TH": "Thailand",
  "TG": "Togo",
  "TK": "Tokelau",
  "TO": "Tonga",
  "TT": "Trinidad und Tobago",
  "TD": "Tschad",
  "CZ": "Tschechien",
  "TN": "Tunesien",
  "TR": "Türkei",
  "TM": "Turkmenistan",
  "TC": "Turks- und Caicosinseln",
  "TV": "Tuvalu",
  "UG": "Uganda",
  "UA": "Ukraine",
  "HU": "Ungarn",
  "UM": "United States Minor Outlying Islands",
  "UY": "Uruguay",
  "UZ": "Usbekistan",
  "VU": "Vanuatu",
  "VA": "Vatikanstadt",
  "VE": "Venezuela",
  "AE": "Vereinigte Arabische Emirate",
  "US": "Vereinigte Staaten",
  "GB": "Vereinigtes Königreich",
  "VN": "Vietnam",
  "WF": "Wallis und Futuna",
  "CX": "Weihnachtsinsel",
  "EH": "Westsahara",
  "CF": "Zentralafrikanische Republik",
  "CY": "Zypern"
}
